"","Malignant","B cell","Dendritic","Endothelial","Fibroblast","Macrophage","Mast","T cell"
"C3N-03015",0.573456549059365,0.051600431556355,0.0150408327465274,0.144449640345324,0.140540113670216,0.0625119556826764,0.000131017566481268,0.0122694593730544
"C3L-00987",0.592416934085412,1.6139558832219e-07,0.0203121650535699,0.176282509366715,0.198804449481123,0.00342320117396573,0.000107860487184114,0.00865271895644241
"C3N-03456",0.709086369653201,1.2039832832909e-07,0.01137183852384,0.170144860878022,0.103617026682887,1.6635381838028e-06,0.000165188015558823,0.00561293230997865
"C3N-04278",0.598955113873215,0.00884309918036795,0.0242889416158525,0.158260656324416,0.155385584625404,0.0391370456746091,0.00048579168175713,0.0146437670243778
"C3N-03490",0.679096988359019,1.89869818124504e-07,0.0208665136262477,0.170861284949882,0.117149956642646,0.0072526211793046,7.24705912227197e-05,0.00469997478185965
"C3N-01858",0.395826152173657,0.00128365563978107,0.0398537070865193,0.368921555967452,0.148465960104872,0.00887224588953722,0.000105289792288492,0.0366714333458931
"C3N-03664",0.636482460093081,1.91782117554568e-07,0.0156187426149166,0.149213335807797,0.184856795838648,0.00325355585519737,0.000866937956960121,0.00970798005128255
"C3N-03488",0.578964053092335,7.54466220216126e-08,0.00081837922516026,0.0894360139911214,0.323095850407068,0.00719377968920054,0.000491529484874807,3.18663617922105e-07
"C3N-02279",0.510646902847014,3.06197145896634e-07,0.0300706937932225,0.280219661849793,0.142951072374026,0.0180282812608084,0.000135094433217738,0.0179479872447732
"C3N-04611",0.668483554459179,2.24666726363553e-06,0.0271641337749109,0.126993964220589,0.120585072808173,0.0116493154694979,0.00825755228858046,0.0368641603118055
"C3N-03889",0.451423128424549,0.0148889757684368,0.00157381839928463,0.136776722686707,0.362596993402427,0.0324211812024182,0.000316421936789988,2.75817938706096e-06
"C3N-02925",0.474756376335389,0.0970853399841947,0.0275701161370376,0.122476949552778,0.121441783060674,0.0900720508982636,0.000343134031650496,0.0662542500000121
"C3N-03878",0.55267292227762,0.00119037148034745,0.0158904099408873,0.164352255519874,0.2138456240636,0.0319711452886473,0.000222752029627951,0.0198545193993964
"C3N-03933",0.553882571136141,1.78643231058094e-07,0.049260649525247,0.190038101298307,0.14577771849423,0.0207706158777535,0.00443812390091004,0.0358320411241806
"C3N-03487",0.44254332551731,6.42592107271472e-07,0.0327583596947084,0.148286089649279,0.248223970728141,0.0979785598417499,0.000231573483941577,0.0299774784927637
"C3L-04354",0.430501397485793,0.0176080250346997,0.0430511670808251,0.234762079795045,0.19700860587243,0.0389376407081602,0.00136406329447908,0.0367670207285687
"C3L-01237",0.508075823943343,2.27447777530753e-07,0.00937275936486492,0.128864064899643,0.338823489207945,0.0147285986561241,0.00013246239467567,2.57408562682851e-06
"C3N-02693",0.71138046973915,2.37433255832303e-07,0.0176510230702293,0.193788111786709,0.0443668581363639,0.00892588054350851,0.00053619164941506,0.023351227641368
"C3N-01758",0.458771306515748,0.00393164302306379,0.0407605674828075,0.27095463405774,0.177171431355564,0.00999238818082779,0.00197190839821683,0.0364461209860321
"C3N-03612",0.447942805690792,1.00785594074506e-06,0.0361319506679979,0.238689056970921,0.211465771764455,0.0282840192360216,0.00290827190913006,0.0345771159047419
"C3N-01947",0.364224653713947,0.000712052784470262,0.0619692849478351,0.271703030733219,0.19646420554024,0.067341786162048,0.000644973418094066,0.0369400127001472
"C3N-03045",0.640410111422161,0.00592532890888459,0.0144711353525511,0.157531299978634,0.177387467569455,0.00175726687634346,0.000382062878963119,0.00213532701300785
"C3N-01944",0.434716256652991,2.52681852558927e-07,0.0215093255647871,0.223716056715178,0.306522612516844,0.00436555484677371,3.317884613634e-06,0.00916662313696048
"C3N-01757",0.674714538511835,0.0418491627638298,0.0126376521280515,0.136595592993652,0.0889840541802551,0.0387958695090135,0.000819610209867174,0.00560351970349641
"C3N-01948",0.693612094767807,0.00205730450313512,0.0444153867216,0.165946533689149,0.0412477527677243,0.014974550996528,0.0024700829088297,0.0352762936452269
"C3L-00999",0.430332129884443,0.0120619368893967,0.0278551689482008,0.159952096556815,0.297270221927486,0.0496526588259609,0.00147924550751234,0.0213965414601858
"C3N-03433",0.6023147675117,0.00971801746721683,0.0219945508015245,0.177622692457118,0.135123534242411,0.0298406772285286,0.000211878966347032,0.0231738813251546
"C3N-02275",0.62431104570596,0.00382756736389307,0.0184534288135741,0.16276570614967,0.0806768782770315,0.0745519941771051,1.94091898571555e-06,0.035411438593781
"C3N-03841",0.492467285329192,0.101095964423132,0.0503283161683342,0.111585283394598,0.100010116912051,0.0902671753364182,4.89744462298363e-07,0.0542453686918126
"C3N-01756",0.586635589635316,0.00165405529570193,0.0170573025890341,0.188318361058415,0.19639700758817,0.00105556865552816,0.0001059340180299,0.00877618115980571
"C3N-03011",0.588918060138387,0.00177974931282948,0.0527615030773514,0.227557036761564,0.0841149938540966,0.0172140083491222,1.03735872535623e-06,0.0276536111479235
"C3N-03785",0.741011720509191,8.59431846232954e-08,0.0133127956139891,0.182097459937382,0.0382749430945082,7.13602130775624e-07,5.31092221632525e-07,0.0253017502073924
"C3N-04273",0.668505383553155,0.00209401063089724,0.0297098049226596,0.227562644175591,0.0543142465007971,0.00663401141601754,0.000362123470043161,0.010817775330839
"C3N-04277",0.675292074554597,5.06815777297707e-07,0.0153089608573979,0.208855490727334,0.0871844838258483,0.00282130003470912,0.00033679069647392,0.0102003924878626
"C3L-04791",0.473114487121331,0.0533065631698263,0.0360740159296862,0.180744139688609,0.187031623901358,0.0449375150407067,0.000225312391922553,0.0245663427565592
"C3N-03028",0.505857835340236,0.00365086456340082,0.026764191619173,0.188084428253361,0.213579267005816,0.0457722757618511,0.000503678706462013,0.0157874587496995
"C3N-01945",0.53499704582491,0.0226177708883601,0.0137642370035681,0.200748666566765,0.161490796578603,0.0637640611045224,4.28123294693631e-05,0.0025746097038028
"C3N-04152",0.742878526665054,0.00131872899943952,0.0300503250586792,0.159921512684728,0.0439010786844791,0.00218446737052475,0.000672110727669209,0.0190732498094268
"C3L-02617",0.633325956187986,0.000274027067182442,0.030757299638284,0.196534337396189,0.108000610773086,0.0144026446498795,0.000519218181927826,0.0161859061054649
"C3N-03008",0.661736901211577,9.96707118846581e-08,0.0108645114489376,0.126898804102637,0.200060336761839,1.43894068595743e-06,0.000114454506208642,0.000323453357401771
"C3L-01138",0.746673669243986,0.0065838476577116,0.0210560552437301,0.13768365875376,0.0516145798799808,0.00868656661019445,0.00429661055725246,0.0234050120533847
"C3N-03619",0.892747951949443,2.68616888606986e-06,0.0146235289027996,0.031256186144569,0.0372011066954141,0.00459991804088461,0.00156199775954359,0.0180066243384604
"C3N-00871",0.585937320003536,9.11372900000249e-08,0.00942158384040034,0.161803730013005,0.235511126829068,0.00636788430630515,0.000259326524511967,0.000698937345883613
"C3N-00519",0.417767427624416,0.0862175692533486,0.0222203975793928,0.199068351144398,0.182442663039582,0.0727033662605347,0.000521161920680572,0.0190590631776475
"C3N-00828",0.610274037840564,0.0485240489658048,0.0298221155476309,0.148603183350331,0.129318363446133,0.0157639847703672,0.000576376969054192,0.0171178891101147
"C3N-00498",0.646478973992076,0.0127689273891089,0.0146329213447679,0.165279486708556,0.155314063468813,0.00352680285270099,0.000258449167353549,0.00174037507662427
"C3N-00846",0.336860455825281,0.0111296981220728,0.0668018448104456,0.209348785460275,0.24639022984222,0.055177789988616,0.0010552492218974,0.0732359467291932
"C3N-01620",0.480306229624626,3.93545913279705e-07,0.0237396479633572,0.20163308531474,0.284697449545682,0.000569584690500166,0.00086391112111551,0.00818969819406654
"C3N-00829",0.619782124199546,4.69722564770055e-08,0.0353945850355886,0.171616049837652,0.147265936802629,0.024078235902787,6.19608207042297e-07,0.00186240164133398
"C3N-00822",0.651274098658179,1.23938283760351e-07,0.0297765219847054,0.140676547111335,0.168688647937969,0.00840617413187162,8.39592982020849e-05,0.00109392693945377
"C3N-03012",0.580638835739418,1.74034822553151e-07,1.2490370326061e-06,0.0940234151822381,0.31355097957812,0.0117782119971504,6.85010041103493e-06,2.84330807684564e-07
"C3N-01859",0.55393446029831,0.0749606562745233,0.0444159776833024,0.164583304049391,0.0678742084795319,0.0686337793433355,0.000208066729266149,0.02538954714234
"C3N-03876",0.679879977591776,0.0264429866683317,0.00617364465525639,0.127592937369598,0.149839973146086,0.0085693063144745,0.000691808009455969,0.000809366245020524
"C3N-03620",0.394627780710351,0.00343164037527835,0.0585757278164296,0.158084269882515,0.259311322010732,0.0374961676520478,0.00438429235277012,0.0840887991998761
"C3N-00295",0.706969046229399,0.00355918395250429,0.0153260040814449,0.172769601044531,0.0842267048425019,0.0113081486452203,0.000185744600664035,0.0056555666037354
"C3N-00857",0.710178278259269,7.40139827920045e-08,0.00310241555788586,0.0732684348584476,0.20631378188415,0.00711144987782721,2.21328649751446e-05,3.43268346245708e-06
"C3N-00825",0.395199729707973,0.0134508384469034,0.0480109910256759,0.205460393165696,0.249766101549394,0.0433310700548664,0.000800124776370297,0.0439807512731214
"C3N-01337",0.666224565798623,1.32161431384081e-07,0.0166217937442357,0.240735224153906,0.0652253687752983,0.00325471708880275,0.00140597942933661,0.00653221884836632
"C3N-00204",0.649531383704204,0.000997770690030195,0.0675058771155912,0.203080553910362,0.0212423257551701,0.00480819188518769,0.00246335215907942,0.0503705447803748
"C3N-03013",0.531823098612227,4.07250717415123e-05,0.0291135613191253,0.176059834092837,0.240273025253985,0.0072262340760761,0.000655111946473926,0.0148084096275343
"C3N-03888",0.680764317090105,0.0056141119658335,0.0299343555943823,0.181944238117334,0.070307513952588,0.0121516232969553,0.00118965877675415,0.018094181206047
"C3N-03457",0.162968537245377,0.0767673138744544,0.0421687197136539,0.180338341992129,0.452557161315264,0.0447705170157196,0.00075066220262272,0.0396787466407807
"C3N-03928",0.91179660296072,6.47029828489408e-06,0.00685372548541188,0.0227933149257178,0.031710642700392,0.0122532024804893,0.00294876152806704,0.0116372796209178
"C3N-01645",0.458956810775677,0.0252353270098081,0.0285225624000663,0.211274385617967,0.161278655972988,0.0869421919005357,0.000161639030722769,0.0276284272922356
"C3N-00307",0.336331860060125,0.015107206515189,0.0302389143600737,0.222259775283731,0.357419897511542,0.0277250102352546,0.000477183109343444,0.0104401529247426
"C3N-01339",0.771253346796469,0.00242459103202045,0.0136849543952589,0.176505834329657,0.0256960142294606,0.0052888767047181,0.000311498614928897,0.00483488389748751
"C3N-00306",0.500321785279444,0.0397718227551133,0.0110568277718387,0.21955497210918,0.12060862219546,0.0911569274865213,0.000714095862125825,0.0168149465403177
"C3L-03378",0.591835799268732,0.016015372879281,0.0238189271213908,0.15593006446098,0.168252620702016,0.031033862876026,0.000112209215282845,0.013001143476292
"C3N-01340",0.448397178722644,0.0163017105683533,0.0140930756833285,0.156214672535079,0.300683253438905,0.058023282043084,0.000649450347628704,0.00563737666097727
"C3N-04280",0.794265897578063,4.25770726347052e-07,0.00672193263676166,0.0965794845518808,0.0941969409722249,4.57042300292271e-07,0.00146703581289819,0.00676782563514465
"C3N-03042",0.621714549048687,0.00712727012439602,0.0113384680577233,0.165047027239301,0.185660190988435,0.00352778680523472,0.000310882474425564,0.0052738252617969
"C3N-03027",0.626564135565943,0.0747572678421209,0.0334803939491962,0.16589237240987,0.0603544869976393,0.0169947261818708,0.000748533411862686,0.0212080836414969
"C3N-03226",0.558071566073529,0.0216805735824755,0.027796865411676,0.149776214947101,0.186038133031554,0.041009275291859,0.000522725315056955,0.0151046463467484
"C3L-00994",0.273398140183274,0.011410507741646,0.0269401931768801,0.156299420770161,0.480449832908239,0.0394786123278181,0.000161588407589167,0.0118617044843929
"C3L-04844",0.724787898033882,0.000763437621554376,0.00991723274281938,0.120091072219616,0.119782352559708,0.0206198433793599,5.42818709519069e-05,0.00398388157210927
"C3N-03458",0.781981793541195,0.00615085995492583,0.0113637823502957,0.0897150678555126,0.0857838283162574,0.0201365714556077,0.000290167113705969,0.00457792941249936
"C3N-03782",0.749229326989682,0.000673702680752756,0.00738477741828125,0.0910365534788836,0.144881671589682,0.00477423951864811,0.000393727452459382,0.00162600087161027
"C3N-04275",0.569434495634584,0.0473383679020664,0.0297709247889015,0.15819114354867,0.131177879681341,0.027041463126415,0.00264199134903549,0.0344037339689866
"C3N-01643",0.770576144158487,0.00268427377473799,6.78592955660915e-06,0.145128434684329,0.0537419916934273,0.0271501286244079,0.000710694917490253,1.54621756303038e-06
"C3N-03837",0.777773708771893,0.00325186927017468,0.0152543238885653,0.0993274100488464,0.0463327155383326,0.0426619196045983,0.000879432404230211,0.0145186204733599
"C3N-02333",0.498700393958841,0.0785849979925637,0.023118490792081,0.1630121664435,0.145770098347977,0.0516103982532323,0.000371957975597443,0.038831496236208
"C3L-02651",0.505429345154434,0.00707869220830895,0.0264782202844283,0.181140405875196,0.171054339527774,0.0642987703876736,0.000315892898900953,0.0442043336632841
"C3L-04025",0.449558971250333,0.167086133500954,0.0256860474065784,0.22403592248405,0.104319325988143,0.0147707485203984,0.000545640666596667,0.013997210182946
"C3N-02713",0.613800864331343,0.0165985766790057,0.0260547502985286,0.202590718746813,0.117058121407333,0.0182699863419596,0.000134724874153349,0.00549225732086426
"C3L-04849",0.889802771188223,3.47699671003646e-06,3.34179461525567e-05,0.0137954113116947,0.0962022408421116,8.66768144396889e-05,5.36780228486931e-05,2.23268778187625e-05
"C3N-02716",0.546096886452354,0.00188010126191496,0.0465130278544735,0.233944625497219,0.0953798755582319,0.0271848491910064,0.00184944019930829,0.0471511939854908
"C3N-01755",0.417946441048402,0.114826199603744,0.0554742502917476,0.180218674346223,0.200147705882796,0.0117203454970424,0.000177465095805614,0.0194889182342381
"C3N-03009",0.553975794693819,0.0077056626416732,0.00988328507413181,0.140197772896481,0.270272215517584,0.0155770443537237,0.000172678630261133,0.00221554619232593
"C3L-00977",0.621857497558926,1.97543929339937e-07,0.0200801296794743,0.149952417521775,0.159334728215322,0.0320519911741937,6.23514098323484e-05,0.0166606868965468
"C3N-02700",0.681447467629278,0.00192902120536657,0.0258867746774616,0.157712131180507,0.0457054408953136,0.0446833777967228,0.00122685704589508,0.0414089295694553
"C3N-04279",0.704616707664059,2.91994248846134e-07,0.00736513865560278,0.145374353864186,0.131449154572923,0.00994058117105638,2.65892390541374e-06,0.00125111315401871
"C3N-02714",0.414506377505591,0.0293253481068959,0.0578063927297121,0.214140494275984,0.193414102466041,0.0442540914171689,0.000909046451972022,0.0456441470466353
"C3N-01943",0.72181879136554,0.0264117524904029,0.03243674304027,0.124738225331826,0.0418346973114456,0.0252145521282242,0.0001611607872375,0.0273840775450548
"C3L-00997",0.780893700071153,0.00974716214216313,0.0202340739990929,0.106852793919566,0.0397880907485343,0.0152036389256195,0.00699162794022774,0.0202889122536426
"C3L-02621",0.471423257165628,0.142569728407106,0.0323720843829033,0.164913541851459,0.130445993301355,0.0431815121612003,0.000442110096984211,0.014651772633363
"C3N-00297",0.65167204314275,0.00821497971592257,0.0117107810145289,0.123418514801417,0.167304216311963,0.0341242548898553,0.000386402519620343,0.00316880760394314
"C3N-01338",0.649928943200846,0.00669972304020718,0.00915510079902923,0.133098014331833,0.174681713017487,0.0222221957482999,0.000238804245396595,0.00397550561690159
"C3N-00299",0.708566996587662,2.10371563242835e-07,0.0344840129931662,0.138299566836381,0.0407770492416284,0.0391169539669635,0.00023311664594313,0.0385220933566932
"C3N-02730",0.307345079356433,0.057381615916825,0.0525201170791996,0.182710456336317,0.270917129209658,0.0686787985827791,0.00270876560220601,0.057738037916582
"C3N-01946",0.460656407120239,0.0735433133086223,0.0407791498249209,0.15969749272389,0.0930066333326819,0.0903401740031275,0.00608455017581279,0.0758922795107069
"C3N-03783",0.488276483583123,0.0116577022495177,0.0618922380290215,0.235122635187305,0.114551710620766,0.00796247135458256,0.000879209156407296,0.0796575498192778
"C3N-03849",0.674835111920392,0.00228819637763335,0.0134081243833756,0.138259401530223,0.139824376528808,0.0229147713172859,0.000717905901821974,0.00775211204045943
"C3N-04276",0.404760670392906,7.84557068644989e-08,0.0292460984944851,0.261665839415949,0.287905246121162,0.00498239643737417,3.30597895329662e-07,0.0114393400845222
"C3L-00995",0.867158985137572,9.02946216899105e-05,0.0108349864837466,0.0183685470341087,0.091271577200189,0.00367163631131424,0.00371077160469307,0.00489320160668638
"C3N-02727",0.45048047793669,0.0410960334481874,0.0229373572768462,0.19612022526688,0.195597941670037,0.0770256756632891,0.000991039699300332,0.0157512490387697
"C3N-01752",0.704781010610615,4.48555312862021e-08,0.00257779778475184,0.085821897462083,0.202585217930669,0.00362818848422167,0.000605373202664992,4.6966946306326e-07
"C3N-01754",0.668150902718585,0.00762739997023246,0.00446098874055662,0.099829104813805,0.208250974315028,0.0112870147301302,0.00039078720212948,2.8275095339041e-06
"C3N-02694",0.340451881956598,0.0132301984997735,0.0612440682851028,0.2565728464559,0.23810913659886,0.00827830492143963,0.000351105596547934,0.0817624576857783
"C3N-03781",0.424691453913969,4.22332423099654e-07,0.0114754053849897,0.127728123126632,0.404507956005238,0.0277198562097079,0.000438675423632211,0.00343810760340852
"C3N-02695",0.790678836516557,0.00323662393788923,0.0115545201458047,0.107457837809707,0.053177307321244,0.0238179289515562,0.00688912527942647,0.00318782003781579
