Gene_set,Term,Overlap,P-value,Adjusted P-value,Old P-value,Old Adjusted P-value,Odds Ratio,Combined Score,Genes,cell
GO_Biological_Process_2023,DNA Metabolic Process (GO:0006259),30/288,3.768579640960615e-08,9.217945801789664e-05,0,0,3.481983133145924,59.52095897499165,TOP2A;SP100;MCM7;BRCA1;SAMHD1;RECQL4;RAD51AP1;CDC45;EXO1;CBS;POLD1;TOPBP1;POLE;POLQ;PARP1;RMI1;FANCL;XRCC2;TOP3A;FANCA;MSH6;RAD51C;MSH2;UBE2T;TIMELESS;MCM4;MCM5;DNA2;ATR;MCM2,Malignant
GO_Biological_Process_2023,Myofibril Assembly (GO:0030239),10/46,2.189582535896356e-06,0.0019234467749186,0,0,8.158718078809404,106.32277944618076,KRT19;OBSCN;SIX4;ADPRHL1;ACTN2;MYL2;ANKRD1;LMOD3;LMOD2;MYH7,Malignant
GO_Biological_Process_2023,DNA Unwinding Involved In DNA Replication (GO:0006268),7/20,2.359092528518406e-06,0.0019234467749186,0,0,15.762237762237762,204.2349957145999,RECQL4;GINS2;CDC45;MCM7;MCM4;MCM5;MCM2,Malignant
GO_Biological_Process_2023,Double-Strand Break Repair Via Homologous Recombination (GO:0000724),15/111,4.205708898331184e-06,0.0025717909913295,0,0,4.610093941717792,57.06866498081016,GINS2;MCM7;RMI1;XRCC2;TOP3A;BRCA1;SAMHD1;SPIDR;RAD51AP1;RECQL4;RAD51C;CDC45;MCM4;MCM5;MCM2,Malignant
GO_Biological_Process_2023,DNA Repair (GO:0006281),26/291,5.488346409122162e-06,0.0026533376687885,0,0,2.918600064757307,35.35266270857415,BRCA1;RECQL4;RAD51AP1;EME1;EXO1;CHEK2;POLD1;NSD2;TOPBP1;POLE;POLQ;PARP1;FANCL;XRCC2;FANCA;TRAIP;MSH6;RAD51C;MSH2;FANCD2;UBE2T;TIMELESS;DNA2;TRIP13;HROB;ATR,Malignant
GO_Biological_Process_2023,DNA Metabolic Process (GO:0006259),44/288,1.0077965125340087e-28,1.4613049431743129e-25,0,0,11.55110101174052,744.6372948768424,TOP2A;PRIM2;BLM;DCLRE1C;MCM7;MCM8;PRIM1;NUDT1;HMGB2;HMGB3;MCM10;BRCA1;RAD51AP1;ORC6;ORC3;POLD1;TOPBP1;POLE;BARD1;GEN1;RFC5;WDHD1;POLQ;RFC4;PARP1;LIG1;FANCL;XRCC2;SETMAR;LIG3;NAP1L1;FAM111B;MSH6;POLA1;POLA2;RAD51C;MSH2;UBE2T;TIMELESS;CDK1;MCM4;DNA2;MCM6;ATR,Dendritic
GO_Biological_Process_2023,DNA-templated DNA Replication (GO:0006261),20/69,1.8881010884140544e-19,1.3688732891001894e-16,0,0,24.469824627098543,1054.9808890688694,RFC5;GINS1;WDHD1;PRIM2;GINS2;BLM;RFC4;MCM7;PRIM1;MCM10;POLA1;POLA2;ORC6;ORC3;POLD1;MCM4;TOPBP1;DNA2;MCM6;POLE,Dendritic
GO_Biological_Process_2023,DNA Repair (GO:0006281),34/291,1.3563884405828304e-18,6.555877462817013e-16,0,0,8.198107930035679,337.2841467449504,BLM;DCLRE1C;NUDT1;BRCA1;RAD51AP1;CHEK2;POLD1;NSD2;TOPBP1;POLE;BARD1;FANCI;RFC5;WDHD1;POLQ;RFC4;PARP1;LIG1;ZGRF1;FANCL;XRCC2;LIG3;MSH6;POLA1;RAD51C;MSH2;FANCD2;UBE2T;TIMELESS;CDK1;DNA2;TRIP13;RHNO1;ATR,Dendritic
GO_Biological_Process_2023,Positive Regulation Of Cell Cycle Process (GO:0090068),22/118,8.773894335367775e-17,3.180536696570819e-14,0,0,13.790192307692308,509.8532767055915,GEN1;STIL;SPAG5;DDX11;NCAPG2;CDCA8;CDC7;SMC6;SMC4;NDC80;CIT;AURKA;EPGN;DBF4;RACGAP1;CENPJ;NCAPD3;KIF20B;ECT2;RHNO1;E2F8;MAD2L1,Dendritic
GO_Biological_Process_2023,DNA Damage Response (GO:0006974),36/384,1.6525853074748507e-16,4.7924973916770675e-14,0,0,6.421443619026499,233.34897178151616,TOP2A;BLM;MCM7;MCM8;SUV39H1;NUDT1;MCM10;SMC6;BRCA1;RAD51AP1;CHEK2;POLD1;FBXO5;TOPBP1;BARD1;RFC5;WDHD1;POLQ;SHPRH;CBX5;RFC4;PARP1;LIG1;FANCL;DDX11;XRCC2;BAZ1B;SPIDR;MSH6;POLA1;RAD51C;MSH2;UBE2T;TIMELESS;CDK1;ATR,Dendritic
GO_Biological_Process_2023,DNA Metabolic Process (GO:0006259),38/288,1.2184883319265961e-14,2.8853803700021792e-11,0,0,5.236892086330935,167.78258754471162,TOP2A;SP100;MCM7;MCM8;PRIM1;BRCA1;SAMHD1;RECQL4;RAD51AP1;ORC6;CDC45;EXO1;POLD1;TOPBP1;POLE;WDHD1;POLQ;RMI2;RFC4;PARP1;LIG1;RMI1;FANCL;XRCC2;ACTL6A;TOP3A;FANCA;MSH6;RAD51C;MSH2;UBE2T;TIMELESS;MCM4;MCM5;DNA2;MCM6;ATR;MCM2,Endothelial
GO_Biological_Process_2023,Double-Strand Break Repair Via Homologous Recombination (GO:0000724),20/111,8.964052375081991e-11,1.0538300517149265e-07,0,0,7.3955661063675,171.09800174261667,GINS2;RMI2;MCM7;MCM8;RMI1;XRCC2;TOP3A;CDC7;FANCB;BRCA1;SAMHD1;SPIDR;RAD51AP1;RECQL4;RAD51C;CDC45;MCM4;MCM5;MCM6;MCM2,Endothelial
GO_Biological_Process_2023,DNA-templated DNA Replication (GO:0006261),16/69,1.3350887479496534e-10,1.0538300517149265e-07,0,0,10.107984592283085,229.8237614428746,WDHD1;GINS2;RFC4;MCM7;PRIM1;RECQL4;CDC45;ORC6;POLD1;MCM4;MCM5;TOPBP1;DNA2;MCM6;POLE;MCM2,Endothelial
GO_Biological_Process_2023,DNA Repair (GO:0006281),32/291,2.020718586210384e-10,1.1962654030365476e-07,0,0,4.2093461025845365,93.96269795262936,BRCA1;RECQL4;RAD51AP1;EME1;EXO1;CHEK2;POLD1;NSD2;TOPBP1;POLE;WDHD1;POLQ;RMI2;RFC4;PARP1;LIG1;FANCL;XRCC2;FANCA;FANCB;TRAIP;MSH6;RAD51C;MSH2;FANCD2;UBE2T;TIMELESS;DNA2;TRIP13;HROB;RHNO1;ATR,Endothelial
GO_Biological_Process_2023,DNA Damage Response (GO:0006974),36/384,1.2823333167277163e-09,6.073130588022465e-07,0,0,3.533185020393029,72.34049530644089,TOP2A;MCM7;MCM8;SUV39H1;BRCA1;SAMHD1;TNFSF13B;RECQL4;RAD51AP1;EXO1;CHEK2;CHCHD6;POLD1;MACROD1;SFN;TOPBP1;WDHD1;POLQ;RMI2;RFC4;PARP1;LIG1;FANCL;DDX11;XRCC2;FANCA;BAZ1B;SPIDR;TRAIP;MSH6;RAD51C;MSH2;UBE2T;TIMELESS;HROB;ATR,Endothelial
GO_Biological_Process_2023,DNA Metabolic Process (GO:0006259),40/288,4.235819304765942e-15,1.0043127571600049e-11,0,0,5.164262171070406,170.91228746805314,TOP2A;SP100;MCM7;MCM8;PRIM1;BRCA1;SAMHD1;RECQL4;RAD51AP1;ORC6;CDC45;ORC1;EXO1;POLD1;TOPBP1;POLE;POLQ;RMI2;RFC4;PARP1;LIG1;RMI1;FANCL;XRCC2;ACTL6A;TOP3A;FANCA;LIG3;MSH6;RAD51C;MSH2;UBE2T;TIMELESS;MCM3;MCM4;MCM5;DNA2;MCM6;ATR;MCM2,Fibroblast
GO_Biological_Process_2023,Double-Strand Break Repair Via Homologous Recombination (GO:0000724),22/111,5.460984993635987e-12,6.4739977099554635e-09,0,0,7.746926098474468,200.90407084720076,GINS2;RMI2;MCM7;MCM8;RMI1;XRCC2;TOP3A;LIG3;CDC7;FANCB;BRCA1;SAMHD1;SPIDR;RAD51AP1;RECQL4;RAD51C;CDC45;MCM3;MCM4;MCM5;MCM6;MCM2,Fibroblast
GO_Biological_Process_2023,DNA-templated DNA Replication (GO:0006261),17/69,3.689745240682879e-11,2.916128655219702e-08,0,0,10.182599255583126,244.6153458280436,GINS2;RFC4;MCM7;PRIM1;RECQL4;CDC45;ORC6;ORC1;POLD1;MCM3;MCM4;MCM5;TOPBP1;DNA2;MCM6;POLE;MCM2,Fibroblast
GO_Biological_Process_2023,Double-Strand Break Repair Via Break-Induced Replication (GO:0000727),8/11,1.5372735295937035e-10,9.112188846666678e-08,0,0,82.0773714891362,1854.607196298312,GINS2;MCM7;MCM3;MCM4;CDC7;MCM5;MCM6;MCM2,Fibroblast
GO_Biological_Process_2023,DNA Unwinding Involved In DNA Replication (GO:0006268),9/20,3.912042184650236e-09,1.530760668567649e-06,0,0,25.212507237984944,488.0941289965656,RECQL4;GINS2;CDC45;MCM7;MCM3;MCM4;MCM5;MCM6;MCM2,Fibroblast
GO_Biological_Process_2023,Spindle Assembly Checkpoint Signaling (GO:0071173),7/26,1.4932799449587583e-08,6.296663767909431e-06,0,0,32.04938557848365,577.5204972072186,CENPF;NUF2;TTK;TRIP13;SPC24;MAD2L1;SPC25,Macrophage
GO_Biological_Process_2023,Mitotic Spindle Assembly Checkpoint Signaling (GO:0007094),7/26,1.4932799449587583e-08,6.296663767909431e-06,0,0,32.04938557848365,577.5204972072186,CENPF;NUF2;TTK;TRIP13;SPC24;MAD2L1;SPC25,Macrophage
GO_Biological_Process_2023,Mitotic Spindle Checkpoint Signaling (GO:0071174),7/26,1.4932799449587583e-08,6.296663767909431e-06,0,0,32.04938557848365,577.5204972072186,CENPF;NUF2;TTK;TRIP13;SPC24;MAD2L1;SPC25,Macrophage
GO_Biological_Process_2023,Negative Regulation Of Mitotic Metaphase/Anaphase Transition (GO:0045841),7/28,2.63490843145073e-08,8.332897914462934e-06,0,0,28.994126284875183,506.00062999821296,CENPF;NUF2;TTK;TRIP13;SPC24;MAD2L1;SPC25,Macrophage
GO_Biological_Process_2023,Keratinocyte Differentiation (GO:0030216),6/42,8.87242959713825e-06,0.0022447246880759,0,0,14.42251461988304,167.77079388785424,TGM1;SPRR2G;SPRR1A;IVL;SPRR1B;S100A7,Macrophage
GO_Biological_Process_2023,DNA Metabolic Process (GO:0006259),15/288,5.445875732133808e-05,0.0467791963048051,0,0,3.567385791466059,35.02483232008712,DFFB;FANCL;PRIM1;NUDT1;TYMS;RECQL4;RAD51AP1;POLA2;RAD51C;CDC45;MSH2;UBE2T;POLD1;NABP2;MCM5,T cell
GO_Biological_Process_2023,Positive Regulation Of Mitotic Cell Cycle Phase Transition (GO:1901992),7/63,5.72923408509555e-05,0.0467791963048051,0,0,7.992671009771987,78.06716411972731,RAD51C;RRM2;ESPL1;CENPJ;SASS6;CDC25A;TNFSF13B,T cell
